{"_default": {"1": {"type": "report", "state": "anomaly", "value": "-inf", "topic": "aidae/1/noise/decibels", "timestamp": 1556136466.2272274}, "2": {"type": "report", "state": "high", "value": "41.267395", "topic": "aidae/1/Magnetometer/y", "timestamp": 1556136541.499493}, "3": {"type": "report", "state": "high", "value": "43.380736999999996", "topic": "aidae/1/Magnetometer/x", "timestamp": 1556136589.8646376}, "4": {"type": "report", "state": "high", "value": "56.121719999999996", "topic": "aidae/1/Accelerometer/z", "timestamp": 1556136590.254276}, "5": {"type": "report", "state": "high", "value": "47.239684999999994", "topic": "aidae/1/Magnetometer/z", "timestamp": 1556136594.54553}, "6": {"type": "report", "state": "high", "value": "46.289062", "topic": "aidae/1/Magnetometer/x", "timestamp": 1556136598.0042975}, "7": {"type": "report", "state": "high", "value": "48.85559", "topic": "aidae/1/Magnetometer/z", "timestamp": 1556136601.8640122}, "8": {"type": "report", "state": "high", "value": "45.214844", "topic": "aidae/1/Magnetometer/x", "timestamp": 1556136605.273707}, "9": {"type": "report", "state": "high", "value": "49.62921", "topic": "aidae/1/Magnetometer/x", "timestamp": 1556136613.1851704}, "10": {"type": "report", "state": "high", "value": "46.432495", "topic": "aidae/1/Magnetometer/x", "timestamp": 1556136620.104026}, "11": {"type": "report", "state": "high", "value": "45.796203999999996", "topic": "aidae/1/Magnetometer/z", "timestamp": 1556136623.4933126}, "12": {"type": "report", "state": "high", "value": "47.050476", "topic": "aidae/1/Magnetometer/x", "timestamp": 1556136633.4181259}, "13": {"type": "report", "state": "high", "value": "51.737976", "topic": "aidae/1/Magnetometer/z", "timestamp": 1556136642.3971994}, "14": {"type": "report", "state": "high", "value": "46.582029999999996", "topic": "aidae/1/Magnetometer/x", "timestamp": 1556136643.634514}, "15": {"type": "sensor", "sensor_type": "Accelerometer", "channel": "x"}, "16": {"type": "sensor", "sensor_type": "Accelerometer", "channel": "y"}, "17": {"type": "sensor", "sensor_type": "Accelerometer", "channel": "z"}, "18": {"type": "sensor", "sensor_type": "Gyroscope", "channel": "x"}, "19": {"type": "sensor", "sensor_type": "Gyroscope", "channel": "y"}, "20": {"type": "sensor", "sensor_type": "Gyroscope", "channel": "z"}, "21": {"type": "sensor", "sensor_type": "Magnetometer", "channel": "x"}, "22": {"type": "sensor", "sensor_type": "Magnetometer", "channel": "y"}, "23": {"type": "sensor", "sensor_type": "Magnetometer", "channel": "z"}, "24": {"type": "sensor", "sensor_type": "Gravity", "channel": "x"}, "25": {"type": "sensor", "sensor_type": "Gravity", "channel": "y"}, "26": {"type": "sensor", "sensor_type": "LinearAcceleration", "channel": "x"}, "27": {"type": "sensor", "sensor_type": "LinearAcceleration", "channel": "y"}, "28": {"type": "sensor", "sensor_type": "Gravity", "channel": "z"}, "29": {"type": "sensor", "sensor_type": "RotationVector", "channel": "x"}, "30": {"type": "sensor", "sensor_type": "LinearAcceleration", "channel": "z"}, "31": {"type": "sensor", "sensor_type": "RotationVector", "channel": "y"}, "32": {"type": "sensor", "sensor_type": "RotationVector", "channel": "z"}, "33": {"type": "sensor", "sensor_type": "noise", "channel": "decibels"}}}